"id","n_spp"
"01001",0
"01003",22
"01005",4
"01007",8
"01009",9
"01011",0
"01013",0
"01015",0
"01017",0
"01019",7
"01021",2
"01023",0
"01025",0
"01027",1
"01029",1
"01031",0
"01033",5
"01035",0
"01037",0
"01039",3
"01041",0
"01043",0
"01045",1
"01047",0
"01049",7
"01051",4
"01053",3
"01055",1
"01057",1
"01059",1
"01061",0
"01063",0
"01065",4
"01067",0
"01069",7
"01071",7
"01073",8
"01075",0
"01077",3
"01079",2
"01081",3
"01083",6
"01085",1
"01087",3
"01089",7
"01091",1
"01093",0
"01095",3
"01097",7
"01099",0
"01101",1
"01103",4
"01105",2
"01107",0
"01109",0
"01111",0
"01113",1
"01115",0
"01117",9
"01119",1
"01121",2
"01123",4
"01125",9
"01127",0
"01129",0
"01131",0
"01133",3
"02013",0
"02016",0
"02020",0
"02050",0
"02060",0
"02068",0
"02070",0
"02090",0
"02100",0
"02105",0
"02110",0
"02122",0
"02130",0
"02150",0
"02158",0
"02164",0
"02170",0
"02180",0
"02185",0
"02188",0
"02195",0
"02198",0
"02220",0
"02230",0
"02240",0
"02261",0
"02275",0
"02282",0
"02290",0
"04001",15
"04003",51
"04005",27
"04007",19
"04009",20
"04011",0
"04012",26
"04013",46
"04015",18
"04017",13
"04019",57
"04021",36
"04023",35
"04025",33
"04027",25
"05001",15
"05003",0
"05005",0
"05007",14
"05009",1
"05011",0
"05013",1
"05015",5
"05017",0
"05019",3
"05021",1
"05023",7
"05025",0
"05027",0
"05029",8
"05031",7
"05033",2
"05035",4
"05037",0
"05039",0
"05041",3
"05043",4
"05045",21
"05047",9
"05049",0
"05051",11
"05053",0
"05055",3
"05057",3
"05059",0
"05061",2
"05063",3
"05065",1
"05067",0
"05069",2
"05071",13
"05073",1
"05075",1
"05077",1
"05079",1
"05081",3
"05083",4
"05085",11
"05087",7
"05089",3
"05091",1
"05093",10
"05095",0
"05097",8
"05099",0
"05101",10
"05103",3
"05105",8
"05107",5
"05109",11
"05111",5
"05113",15
"05115",1
"05117",2
"05119",29
"05121",0
"05123",0
"05125",10
"05127",2
"05129",2
"05131",7
"05133",4
"05135",0
"05137",6
"05139",4
"05141",7
"05143",21
"05145",11
"05147",1
"05149",1
"06001",20
"06003",4
"06005",1
"06007",8
"06009",5
"06011",5
"06013",18
"06015",7
"06017",13
"06019",12
"06021",4
"06023",12
"06025",33
"06027",23
"06029",32
"06031",1
"06033",5
"06035",5
"06037",36
"06039",4
"06041",16
"06043",8
"06045",16
"06047",6
"06049",3
"06051",12
"06053",19
"06055",10
"06057",11
"06059",21
"06061",12
"06063",7
"06065",53
"06067",8
"06069",22
"06071",46
"06073",51
"06075",8
"06077",9
"06079",18
"06081",15
"06083",11
"06085",21
"06087",16
"06089",12
"06091",7
"06093",12
"06095",9
"06097",18
"06099",7
"06101",6
"06103",5
"06105",12
"06107",15
"06109",7
"06111",19
"06113",7
"06115",4
"08001",3
"08003",1
"08005",3
"08007",2
"08009",2
"08011",4
"08013",4
"08014",0
"08015",0
"08017",1
"08019",0
"08021",0
"08023",1
"08025",0
"08027",0
"08029",1
"08031",1
"08033",2
"08035",6
"08037",0
"08039",1
"08041",8
"08043",3
"08045",2
"08047",0
"08049",1
"08051",0
"08053",0
"08055",1
"08057",0
"08059",2
"08061",1
"08063",0
"08065",0
"08067",0
"08069",4
"08071",5
"08073",3
"08075",4
"08077",9
"08079",0
"08081",0
"08083",9
"08085",6
"08087",3
"08089",9
"08091",2
"08093",1
"08095",1
"08097",1
"08099",0
"08101",4
"08103",0
"08105",0
"08107",1
"08109",0
"08111",0
"08113",2
"08115",0
"08117",0
"08119",1
"08121",0
"08123",7
"08125",4
"09001",11
"09003",6
"09005",5
"09007",10
"09009",8
"09011",5
"09013",10
"09015",7
"10001",10
"10003",6
"10005",11
"11001",14
"12001",27
"12003",5
"12005",8
"12007",2
"12009",10
"12011",21
"12013",1
"12015",11
"12017",7
"12019",5
"12021",23
"12023",6
"12027",1
"12029",2
"12031",13
"12033",4
"12035",13
"12037",7
"12039",3
"12041",3
"12043",2
"12045",4
"12047",0
"12049",0
"12051",4
"12053",4
"12055",7
"12057",15
"12059",1
"12061",4
"12063",3
"12065",5
"12067",2
"12069",21
"12071",15
"12073",16
"12075",8
"12077",16
"12079",2
"12081",9
"12083",12
"12085",11
"12086",34
"12087",20
"12089",3
"12091",19
"12093",9
"12095",31
"12097",15
"12099",32
"12101",5
"12103",6
"12105",14
"12107",3
"12109",16
"12111",8
"12113",17
"12115",12
"12117",10
"12119",4
"12121",3
"12123",1
"12125",0
"12127",18
"12129",19
"12131",7
"12133",5
"13001",1
"13003",0
"13005",0
"13007",1
"13009",0
"13011",1
"13013",2
"13015",3
"13017",0
"13019",1
"13021",2
"13023",0
"13025",0
"13027",1
"13029",2
"13031",6
"13033",2
"13035",0
"13037",1
"13039",3
"13043",0
"13045",1
"13047",0
"13049",12
"13051",8
"13053",2
"13055",1
"13057",2
"13059",14
"13061",0
"13063",0
"13065",0
"13067",6
"13069",1
"13071",1
"13073",3
"13075",4
"13077",16
"13079",0
"13081",0
"13083",0
"13085",2
"13087",5
"13089",8
"13091",0
"13093",0
"13095",3
"13097",4
"13099",2
"13101",1
"13103",1
"13105",0
"13107",0
"13109",0
"13111",2
"13113",8
"13115",1
"13117",2
"13119",0
"13121",8
"13123",0
"13125",0
"13127",6
"13129",0
"13131",1
"13133",0
"13135",9
"13137",2
"13139",10
"13141",0
"13143",0
"13145",9
"13147",1
"13149",0
"13151",0
"13153",3
"13155",1
"13157",0
"13159",0
"13161",0
"13163",0
"13165",1
"13167",0
"13169",0
"13171",0
"13173",1
"13175",0
"13177",1
"13179",2
"13181",0
"13183",2
"13185",6
"13187",2
"13189",0
"13191",2
"13193",0
"13195",3
"13197",3
"13199",1
"13201",0
"13205",1
"13207",1
"13209",1
"13211",0
"13213",0
"13215",6
"13217",2
"13219",4
"13221",1
"13223",0
"13225",0
"13227",0
"13229",0
"13231",0
"13233",5
"13235",1
"13237",1
"13239",0
"13241",4
"13243",0
"13245",0
"13247",0
"13249",0
"13251",1
"13253",4
"13255",1
"13257",0
"13259",2
"13261",1
"13263",1
"13265",0
"13267",1
"13269",0
"13271",1
"13273",5
"13275",0
"13277",5
"13279",0
"13281",0
"13283",0
"13285",2
"13287",0
"13289",0
"13291",1
"13293",1
"13295",3
"13297",4
"13299",2
"13301",1
"13303",2
"13305",0
"13307",0
"13309",0
"13311",4
"13313",1
"13315",0
"13317",0
"13319",2
"13321",5
"15001",0
"15003",0
"15007",0
"15009",0
"16001",7
"16003",0
"16005",6
"16007",0
"16009",0
"16011",2
"16013",1
"16015",4
"16017",0
"16019",1
"16021",1
"16023",4
"16025",1
"16027",3
"16029",0
"16031",4
"16033",0
"16035",3
"16037",1
"16039",1
"16041",0
"16043",0
"16045",0
"16047",0
"16049",3
"16051",4
"16053",1
"16055",1
"16057",3
"16059",0
"16061",0
"16063",0
"16065",1
"16067",0
"16069",1
"16071",1
"16073",8
"16075",0
"16077",4
"16079",0
"16081",0
"16083",2
"16085",2
"16087",0
"17001",0
"17003",7
"17005",0
"17007",0
"17009",0
"17011",1
"17013",2
"17015",1
"17017",0
"17019",4
"17021",0
"17023",0
"17025",1
"17027",1
"17029",0
"17031",10
"17033",4
"17035",0
"17037",2
"17039",0
"17041",0
"17043",6
"17045",0
"17047",0
"17049",0
"17051",0
"17053",0
"17055",2
"17057",4
"17059",1
"17061",0
"17063",3
"17065",0
"17067",2
"17069",1
"17071",0
"17073",2
"17075",0
"17077",16
"17079",1
"17081",0
"17083",0
"17085",1
"17087",25
"17089",4
"17091",0
"17093",0
"17095",0
"17097",11
"17099",3
"17101",0
"17103",2
"17105",0
"17107",0
"17109",0
"17111",2
"17113",1
"17115",0
"17117",0
"17119",0
"17121",2
"17123",0
"17125",1
"17127",14
"17129",4
"17131",0
"17133",9
"17135",0
"17137",1
"17139",1
"17141",2
"17143",0
"17145",1
"17147",1
"17149",0
"17151",4
"17153",11
"17155",3
"17157",2
"17159",0
"17161",2
"17163",1
"17165",5
"17167",5
"17169",0
"17171",2
"17173",2
"17175",0
"17177",0
"17179",1
"17181",21
"17183",1
"17185",0
"17187",0
"17189",0
"17191",0
"17193",1
"17195",0
"17197",9
"17199",9
"17201",1
"17203",1
"18001",0
"18003",0
"18005",1
"18007",0
"18009",0
"18011",0
"18013",1
"18015",0
"18017",0
"18019",3
"18021",1
"18023",0
"18025",1
"18027",0
"18029",0
"18031",0
"18033",0
"18035",0
"18037",0
"18039",4
"18041",0
"18043",0
"18045",0
"18047",0
"18049",0
"18051",2
"18053",0
"18055",0
"18057",1
"18059",1
"18061",1
"18063",0
"18065",0
"18067",0
"18069",0
"18071",0
"18073",0
"18075",1
"18077",0
"18079",0
"18081",1
"18083",0
"18085",0
"18087",1
"18089",1
"18091",0
"18093",1
"18095",0
"18097",4
"18099",0
"18101",1
"18103",0
"18105",3
"18107",6
"18109",0
"18111",0
"18113",0
"18115",0
"18117",4
"18119",0
"18121",2
"18123",1
"18125",0
"18127",5
"18129",0
"18131",1
"18133",3
"18135",0
"18137",0
"18139",0
"18141",1
"18143",0
"18145",0
"18147",1
"18149",0
"18151",2
"18153",2
"18155",0
"18157",0
"18159",0
"18161",0
"18163",3
"18165",0
"18167",0
"18169",0
"18171",0
"18173",0
"18175",0
"18177",1
"18179",0
"18181",0
"18183",0
"19001",0
"19003",1
"19005",0
"19007",0
"19009",0
"19011",0
"19013",0
"19015",0
"19017",0
"19019",0
"19021",0
"19023",0
"19025",0
"19027",0
"19029",0
"19031",0
"19033",0
"19035",0
"19037",0
"19039",0
"19041",0
"19043",0
"19045",0
"19047",0
"19049",1
"19051",0
"19053",0
"19055",0
"19057",0
"19059",2
"19061",1
"19063",0
"19065",0
"19067",0
"19069",0
"19071",0
"19073",0
"19075",0
"19077",0
"19079",1
"19081",0
"19083",0
"19085",1
"19087",0
"19089",0
"19091",0
"19093",0
"19095",0
"19097",0
"19099",3
"19101",0
"19103",4
"19105",0
"19107",0
"19109",0
"19111",0
"19113",1
"19115",0
"19117",0
"19119",0
"19121",4
"19123",0
"19125",0
"19127",0
"19129",0
"19131",0
"19133",1
"19135",0
"19137",0
"19139",0
"19141",0
"19143",0
"19145",0
"19147",0
"19149",1
"19151",0
"19153",1
"19155",0
"19157",0
"19159",0
"19161",0
"19163",1
"19165",2
"19167",0
"19169",0
"19171",1
"19173",0
"19175",0
"19177",0
"19179",0
"19181",0
"19183",0
"19185",0
"19187",0
"19189",0
"19191",0
"19193",1
"19195",0
"19197",0
"20001",0
"20003",4
"20005",0
"20007",7
"20009",7
"20011",0
"20013",0
"20015",19
"20017",5
"20019",3
"20021",1
"20023",2
"20025",9
"20027",1
"20029",1
"20031",0
"20033",0
"20035",8
"20037",0
"20039",0
"20041",0
"20043",0
"20045",9
"20047",0
"20049",25
"20051",0
"20053",2
"20055",0
"20057",4
"20059",0
"20061",3
"20063",3
"20065",0
"20067",0
"20069",0
"20071",0
"20073",19
"20075",1
"20077",0
"20079",1
"20081",1
"20083",0
"20085",1
"20087",4
"20089",0
"20091",16
"20093",0
"20095",6
"20097",6
"20099",1
"20101",0
"20103",1
"20105",0
"20107",0
"20109",1
"20111",2
"20113",0
"20115",0
"20117",0
"20119",1
"20121",0
"20123",0
"20125",2
"20127",0
"20129",5
"20131",0
"20133",0
"20135",0
"20137",0
"20139",0
"20141",1
"20143",0
"20145",1
"20147",1
"20149",12
"20151",0
"20153",0
"20155",4
"20157",0
"20159",0
"20161",21
"20163",0
"20165",0
"20167",5
"20169",1
"20171",2
"20173",17
"20175",0
"20177",0
"20179",0
"20181",0
"20183",0
"20185",9
"20187",0
"20189",0
"20191",2
"20193",1
"20195",0
"20197",1
"20199",0
"20201",0
"20203",0
"20205",3
"20207",1
"20209",0
"21001",0
"21003",0
"21005",0
"21007",4
"21009",3
"21011",1
"21013",0
"21015",2
"21017",0
"21019",1
"21021",0
"21023",0
"21025",0
"21027",1
"21029",2
"21031",0
"21033",0
"21035",2
"21037",3
"21039",0
"21041",0
"21043",0
"21045",1
"21047",0
"21049",0
"21051",0
"21053",0
"21055",0
"21057",0
"21059",0
"21061",4
"21063",0
"21065",3
"21067",3
"21069",0
"21071",0
"21073",1
"21075",0
"21077",0
"21079",1
"21081",0
"21083",0
"21085",0
"21087",0
"21089",0
"21091",0
"21093",1
"21095",1
"21097",1
"21099",2
"21101",1
"21103",0
"21105",0
"21107",0
"21109",0
"21111",3
"21113",0
"21115",0
"21117",1
"21119",0
"21121",3
"21123",1
"21125",1
"21127",0
"21129",1
"21131",0
"21133",0
"21135",4
"21137",3
"21139",0
"21141",0
"21143",1
"21145",1
"21147",2
"21149",0
"21151",1
"21153",0
"21155",0
"21157",0
"21159",0
"21161",0
"21163",1
"21165",7
"21167",1
"21169",0
"21171",0
"21173",0
"21175",2
"21177",0
"21179",0
"21181",0
"21183",0
"21185",0
"21187",0
"21189",0
"21191",0
"21193",5
"21195",1
"21197",13
"21199",3
"21201",0
"21203",2
"21205",2
"21207",0
"21209",1
"21211",1
"21213",0
"21215",0
"21217",0
"21219",0
"21221",0
"21223",0
"21225",0
"21227",0
"21229",0
"21231",0
"21233",0
"21235",0
"21237",3
"21239",0
"22001",3
"22003",1
"22005",2
"22007",0
"22009",1
"22011",1
"22013",2
"22015",5
"22017",20
"22019",13
"22021",10
"22023",11
"22025",1
"22027",0
"22029",3
"22031",1
"22033",24
"22035",0
"22037",1
"22039",6
"22041",9
"22043",3
"22045",3
"22047",6
"22049",2
"22051",14
"22053",11
"22055",15
"22057",3
"22059",0
"22061",1
"22063",3
"22065",0
"22067",1
"22069",9
"22071",13
"22073",17
"22075",3
"22077",6
"22079",4
"22081",1
"22083",0
"22085",3
"22087",1
"22089",2
"22091",0
"22093",1
"22095",4
"22097",2
"22099",11
"22101",0
"22103",19
"22105",7
"22107",4
"22109",0
"22111",3
"22113",6
"22115",5
"22117",7
"22119",1
"22121",1
"22123",1
"22125",4
"22127",1
"23001",0
"23003",0
"23005",2
"23007",0
"23009",4
"23011",3
"23013",0
"23015",1
"23017",2
"23019",3
"23021",1
"23023",1
"23025",0
"23027",2
"23029",4
"23031",5
"24001",5
"24003",20
"24005",10
"24009",7
"24011",7
"24013",1
"24015",4
"24017",9
"24019",7
"24021",14
"24023",2
"24025",4
"24027",14
"24029",3
"24031",17
"24033",17
"24035",6
"24037",1
"24039",3
"24041",2
"24043",9
"24045",2
"24047",4
"24510",7
"25001",8
"25003",2
"25005",4
"25007",1
"25009",3
"25011",2
"25013",2
"25015",2
"25017",9
"25019",0
"25021",6
"25023",5
"25025",1
"25027",8
"26001",1
"26003",0
"26005",4
"26007",2
"26009",2
"26011",0
"26013",2
"26015",1
"26017",3
"26019",1
"26021",1
"26023",0
"26025",1
"26027",1
"26029",3
"26031",4
"26033",4
"26035",1
"26037",5
"26039",1
"26041",2
"26043",1
"26045",2
"26047",3
"26049",1
"26051",0
"26053",2
"26055",2
"26057",0
"26059",1
"26061",2
"26063",1
"26065",2
"26067",0
"26069",1
"26071",2
"26073",6
"26075",1
"26077",10
"26079",0
"26081",3
"26083",0
"26085",0
"26087",0
"26089",2
"26091",1
"26093",6
"26095",0
"26097",1
"26099",2
"26101",0
"26103",4
"26105",0
"26107",3
"26109",0
"26111",3
"26113",0
"26115",1
"26117",0
"26119",0
"26121",0
"26123",0
"26125",4
"26127",0
"26129",1
"26131",0
"26133",0
"26135",1
"26137",5
"26139",5
"26141",0
"26143",1
"26145",4
"26147",0
"26149",0
"26151",0
"26153",1
"26155",0
"26157",0
"26159",2
"26161",8
"26163",1
"26165",0
"27001",0
"27003",1
"27005",1
"27007",0
"27009",0
"27011",0
"27013",3
"27015",0
"27017",0
"27019",0
"27021",1
"27023",1
"27025",3
"27027",0
"27029",4
"27031",0
"27033",0
"27035",2
"27037",4
"27039",0
"27041",0
"27043",0
"27045",2
"27047",0
"27049",2
"27051",0
"27053",3
"27055",3
"27057",2
"27059",0
"27061",0
"27063",0
"27065",0
"27067",0
"27069",0
"27071",1
"27073",0
"27075",4
"27077",0
"27079",2
"27081",0
"27083",0
"27085",1
"27087",0
"27089",0
"27091",0
"27093",0
"27095",0
"27097",0
"27099",0
"27101",0
"27103",0
"27105",0
"27107",0
"27109",5
"27111",3
"27113",0
"27115",2
"27117",4
"27119",0
"27121",0
"27123",4
"27125",0
"27127",0
"27129",0
"27131",5
"27133",0
"27135",0
"27137",5
"27139",2
"27141",2
"27143",0
"27145",2
"27147",0
"27149",0
"27151",0
"27153",1
"27155",0
"27157",1
"27159",0
"27161",0
"27163",7
"27165",0
"27167",0
"27169",1
"27171",1
"27173",1
"28001",0
"28003",0
"28005",0
"28007",0
"28009",0
"28011",0
"28013",0
"28015",1
"28017",0
"28019",0
"28021",1
"28023",0
"28025",1
"28027",0
"28029",0
"28031",0
"28033",0
"28035",1
"28037",0
"28039",0
"28041",2
"28043",0
"28045",0
"28047",7
"28049",1
"28051",0
"28053",0
"28055",0
"28057",0
"28059",8
"28061",0
"28063",0
"28065",0
"28067",0
"28069",1
"28071",8
"28073",1
"28075",0
"28077",0
"28079",0
"28081",0
"28083",0
"28085",0
"28087",0
"28089",0
"28091",0
"28093",3
"28095",0
"28097",0
"28099",0
"28101",0
"28103",1
"28105",0
"28107",0
"28109",5
"28111",1
"28113",1
"28115",0
"28117",0
"28119",0
"28121",1
"28123",0
"28125",0
"28127",0
"28129",0
"28131",1
"28133",0
"28135",0
"28137",0
"28139",0
"28141",0
"28143",0
"28145",2
"28147",0
"28149",2
"28151",0
"28153",0
"28155",0
"28157",1
"28159",0
"28161",0
"28163",0
"29001",0
"29003",1
"29005",0
"29007",0
"29009",3
"29011",1
"29013",0
"29015",0
"29017",3
"29019",18
"29021",0
"29023",0
"29025",0
"29027",2
"29029",5
"29031",5
"29033",0
"29035",4
"29037",0
"29039",0
"29041",1
"29043",6
"29045",0
"29047",2
"29049",0
"29051",1
"29053",2
"29055",5
"29057",1
"29059",1
"29061",0
"29063",0
"29065",2
"29067",1
"29069",0
"29071",4
"29073",0
"29075",0
"29077",10
"29079",0
"29081",0
"29083",0
"29085",0
"29087",3
"29089",0
"29091",0
"29093",6
"29095",4
"29097",0
"29099",5
"29101",0
"29103",0
"29105",0
"29107",0
"29109",2
"29111",0
"29113",1
"29115",2
"29117",0
"29119",3
"29121",0
"29123",3
"29125",0
"29127",0
"29129",0
"29131",0
"29133",0
"29135",2
"29137",0
"29139",0
"29141",0
"29143",0
"29145",4
"29147",0
"29149",0
"29151",0
"29153",1
"29155",0
"29157",1
"29159",1
"29161",3
"29163",1
"29165",3
"29167",0
"29169",0
"29171",0
"29173",0
"29175",0
"29177",0
"29179",6
"29181",0
"29183",3
"29185",1
"29186",3
"29187",1
"29189",4
"29195",0
"29197",0
"29199",0
"29201",1
"29203",4
"29205",0
"29207",9
"29209",4
"29211",0
"29213",9
"29215",4
"29217",1
"29219",0
"29221",5
"29223",3
"29225",1
"29227",0
"29229",0
"29510",1
"30001",0
"30003",0
"30005",0
"30007",0
"30009",0
"30011",0
"30013",3
"30015",0
"30017",0
"30019",0
"30021",0
"30023",0
"30025",0
"30027",0
"30029",3
"30031",0
"30033",0
"30035",0
"30037",0
"30039",0
"30041",0
"30043",0
"30045",0
"30047",0
"30049",1
"30051",1
"30053",0
"30055",0
"30057",0
"30059",0
"30061",0
"30063",2
"30065",0
"30067",0
"30069",0
"30071",3
"30073",0
"30075",1
"30077",0
"30079",0
"30081",1
"30083",0
"30085",0
"30087",0
"30089",0
"30091",0
"30093",0
"30095",0
"30097",2
"30099",0
"30101",1
"30103",0
"30105",2
"30107",0
"30109",0
"30111",2
"31001",0
"31003",0
"31005",0
"31007",0
"31009",0
"31011",0
"31013",0
"31015",0
"31017",3
"31019",1
"31021",0
"31023",0
"31025",2
"31027",1
"31029",0
"31031",2
"31033",1
"31035",0
"31037",0
"31039",0
"31041",1
"31043",0
"31045",0
"31047",6
"31049",0
"31051",0
"31053",0
"31055",0
"31057",0
"31059",0
"31061",0
"31063",0
"31065",0
"31067",2
"31069",0
"31071",0
"31073",0
"31075",0
"31077",0
"31079",0
"31081",0
"31083",0
"31085",0
"31087",0
"31089",2
"31091",0
"31093",0
"31095",0
"31097",0
"31099",0
"31101",0
"31103",0
"31105",0
"31107",1
"31109",1
"31111",2
"31113",0
"31115",0
"31117",0
"31119",0
"31121",0
"31123",0
"31125",0
"31127",0
"31129",0
"31131",0
"31133",0
"31135",0
"31137",0
"31139",0
"31141",0
"31143",0
"31145",0
"31147",1
"31149",1
"31151",0
"31153",1
"31155",0
"31157",1
"31159",0
"31161",0
"31163",0
"31165",1
"31167",0
"31169",0
"31171",0
"31173",0
"31175",0
"31177",0
"31179",0
"31181",0
"31183",0
"31185",0
"32001",3
"32003",33
"32005",2
"32007",1
"32009",3
"32011",2
"32013",3
"32015",6
"32017",6
"32019",4
"32021",1
"32023",13
"32027",3
"32029",1
"32031",7
"32033",8
"32510",4
"33001",2
"33003",4
"33005",1
"33007",0
"33009",3
"33011",6
"33013",5
"33015",7
"33017",8
"33019",2
"34001",4
"34003",6
"34005",9
"34007",1
"34009",8
"34011",3
"34013",0
"34015",2
"34017",2
"34019",3
"34021",7
"34023",7
"34025",6
"34027",8
"34029",13
"34031",5
"34033",2
"34035",6
"34037",7
"34039",0
"34041",5
"35001",21
"35003",12
"35005",9
"35006",1
"35007",3
"35009",6
"35011",1
"35013",18
"35015",24
"35017",22
"35019",2
"35021",1
"35023",35
"35025",8
"35027",8
"35028",2
"35029",17
"35031",4
"35033",8
"35035",17
"35037",1
"35039",6
"35041",10
"35043",15
"35045",5
"35047",7
"35049",13
"35051",6
"35053",23
"35055",6
"35057",3
"35059",4
"35061",7
"36001",2
"36003",0
"36005",3
"36007",0
"36009",3
"36011",1
"36013",2
"36015",0
"36017",2
"36019",2
"36021",1
"36023",0
"36025",1
"36027",11
"36029",5
"36031",6
"36033",3
"36035",0
"36037",1
"36039",1
"36041",1
"36043",1
"36045",4
"36047",1
"36049",0
"36051",3
"36053",0
"36055",6
"36057",0
"36059",2
"36061",3
"36063",2
"36065",1
"36067",5
"36069",3
"36071",5
"36073",1
"36075",4
"36077",1
"36079",3
"36081",3
"36083",2
"36085",6
"36087",2
"36089",5
"36091",3
"36093",0
"36095",0
"36097",1
"36099",2
"36101",1
"36103",3
"36105",5
"36107",0
"36109",3
"36111",10
"36113",3
"36115",7
"36117",3
"36119",5
"36121",1
"36123",0
"37001",1
"37003",1
"37005",2
"37007",0
"37009",2
"37011",2
"37013",22
"37015",1
"37017",10
"37019",5
"37021",15
"37023",3
"37025",11
"37027",0
"37029",1
"37031",10
"37033",1
"37035",17
"37037",18
"37039",0
"37041",1
"37043",2
"37045",0
"37047",5
"37049",8
"37051",20
"37053",7
"37055",14
"37057",5
"37059",0
"37061",2
"37063",19
"37065",0
"37067",2
"37069",1
"37071",7
"37073",5
"37075",2
"37077",1
"37079",0
"37081",7
"37083",1
"37085",2
"37087",8
"37089",7
"37091",0
"37093",4
"37095",8
"37097",0
"37099",7
"37101",4
"37103",4
"37105",0
"37107",1
"37109",0
"37111",3
"37113",6
"37115",1
"37117",3
"37119",21
"37121",1
"37123",4
"37125",10
"37127",1
"37129",9
"37131",3
"37133",11
"37135",22
"37137",0
"37139",1
"37141",7
"37143",0
"37145",1
"37147",8
"37149",1
"37151",9
"37153",10
"37155",17
"37157",1
"37159",2
"37161",7
"37163",2
"37165",8
"37167",4
"37169",2
"37171",3
"37173",3
"37175",6
"37177",12
"37179",1
"37181",0
"37183",22
"37185",0
"37187",7
"37189",2
"37191",1
"37193",1
"37195",0
"37197",0
"37199",3
"38001",0
"38003",0
"38005",0
"38007",2
"38009",1
"38011",0
"38013",1
"38015",1
"38017",0
"38019",0
"38021",0
"38023",0
"38025",0
"38027",0
"38029",0
"38031",0
"38033",0
"38035",0
"38037",0
"38039",0
"38041",0
"38043",0
"38045",0
"38047",0
"38049",0
"38051",0
"38053",1
"38055",0
"38057",1
"38059",1
"38061",0
"38063",0
"38065",0
"38067",0
"38069",0
"38071",0
"38073",0
"38075",0
"38077",0
"38079",0
"38081",0
"38083",0
"38085",1
"38087",0
"38089",0
"38091",0
"38093",0
"38095",0
"38097",0
"38099",0
"38101",0
"38103",0
"38105",0
"39001",6
"39003",0
"39005",1
"39007",3
"39009",6
"39011",0
"39013",2
"39015",0
"39017",5
"39019",5
"39021",3
"39023",4
"39025",3
"39027",0
"39029",5
"39031",0
"39033",0
"39035",11
"39037",5
"39039",1
"39041",5
"39043",2
"39045",0
"39047",0
"39049",6
"39051",0
"39053",2
"39055",8
"39057",4
"39059",1
"39061",6
"39063",0
"39065",0
"39067",2
"39069",0
"39071",2
"39073",6
"39075",1
"39077",0
"39079",0
"39081",3
"39083",0
"39085",11
"39087",2
"39089",0
"39091",2
"39093",4
"39095",7
"39097",0
"39099",2
"39101",0
"39103",12
"39105",0
"39107",0
"39109",4
"39111",0
"39113",5
"39115",0
"39117",1
"39119",5
"39121",1
"39123",6
"39125",0
"39127",3
"39129",1
"39131",3
"39133",7
"39135",2
"39137",0
"39139",2
"39141",2
"39143",1
"39145",13
"39147",0
"39149",0
"39151",6
"39153",16
"39155",2
"39157",0
"39159",0
"39161",0
"39163",2
"39165",3
"39167",5
"39169",9
"39171",0
"39173",2
"39175",0
"40001",3
"40003",2
"40005",0
"40007",11
"40009",1
"40011",1
"40013",0
"40015",2
"40017",2
"40019",2
"40021",4
"40023",1
"40025",7
"40027",10
"40029",1
"40031",19
"40033",1
"40035",0
"40037",1
"40039",0
"40041",1
"40043",0
"40045",2
"40047",1
"40049",0
"40051",1
"40053",0
"40055",4
"40057",0
"40059",2
"40061",0
"40063",1
"40065",0
"40067",1
"40069",2
"40071",2
"40073",4
"40075",1
"40077",5
"40079",7
"40081",1
"40083",7
"40085",7
"40087",1
"40089",14
"40091",4
"40093",2
"40095",5
"40097",0
"40099",4
"40101",2
"40103",0
"40105",0
"40107",1
"40109",9
"40111",6
"40113",7
"40115",0
"40117",1
"40119",15
"40121",0
"40123",0
"40125",1
"40127",1
"40129",0
"40131",4
"40133",0
"40135",1
"40137",1
"40139",5
"40141",1
"40143",19
"40145",2
"40147",6
"40149",0
"40151",0
"40153",5
"41001",0
"41003",4
"41005",4
"41007",3
"41009",0
"41011",1
"41013",1
"41015",8
"41017",8
"41019",3
"41021",1
"41023",1
"41025",8
"41027",3
"41029",8
"41031",1
"41033",8
"41035",3
"41037",5
"41039",4
"41041",0
"41043",2
"41045",4
"41047",2
"41049",0
"41051",5
"41053",0
"41055",0
"41057",1
"41059",0
"41061",2
"41063",2
"41065",5
"41067",4
"41069",1
"41071",1
"42001",5
"42003",6
"42005",2
"42007",3
"42009",6
"42011",6
"42013",1
"42015",2
"42017",5
"42019",5
"42021",2
"42023",0
"42025",5
"42027",6
"42029",5
"42031",0
"42033",1
"42035",5
"42037",5
"42039",3
"42041",7
"42043",9
"42045",4
"42047",0
"42049",12
"42051",5
"42053",0
"42055",9
"42057",6
"42059",0
"42061",4
"42063",1
"42065",0
"42067",1
"42069",0
"42071",6
"42073",4
"42075",3
"42077",2
"42079",4
"42081",2
"42083",0
"42085",1
"42087",0
"42089",2
"42091",6
"42093",2
"42095",0
"42097",1
"42099",2
"42101",4
"42103",5
"42105",1
"42107",3
"42109",2
"42111",0
"42113",2
"42115",1
"42117",2
"42119",2
"42121",2
"42123",4
"42125",3
"42127",5
"42129",7
"42131",3
"42133",6
"44001",0
"44003",1
"44005",1
"44007",4
"44009",4
"45001",0
"45003",12
"45005",0
"45007",2
"45009",1
"45011",3
"45013",10
"45015",9
"45017",0
"45019",30
"45021",0
"45023",1
"45025",2
"45027",2
"45029",7
"45031",7
"45033",0
"45035",9
"45037",3
"45039",0
"45041",2
"45043",6
"45045",6
"45047",6
"45049",0
"45051",8
"45053",5
"45055",1
"45057",0
"45059",0
"45061",0
"45063",7
"45065",3
"45067",2
"45069",1
"45071",0
"45073",5
"45075",3
"45077",5
"45079",19
"45081",0
"45083",5
"45085",2
"45087",1
"45089",1
"45091",10
"46003",0
"46005",0
"46007",0
"46009",0
"46011",3
"46013",0
"46015",0
"46017",0
"46019",0
"46021",0
"46023",2
"46025",0
"46027",1
"46029",1
"46031",0
"46033",7
"46035",0
"46037",0
"46039",0
"46041",0
"46043",0
"46045",0
"46047",2
"46049",0
"46051",0
"46053",0
"46055",0
"46057",0
"46059",0
"46061",0
"46063",1
"46065",1
"46067",0
"46069",0
"46071",1
"46073",0
"46075",0
"46077",0
"46079",1
"46081",0
"46083",2
"46085",1
"46087",0
"46089",0
"46091",1
"46093",2
"46095",0
"46097",0
"46099",0
"46101",0
"46102",1
"46103",4
"46105",0
"46107",0
"46109",3
"46111",0
"46115",0
"46117",0
"46119",0
"46121",3
"46123",0
"46125",0
"46127",1
"46129",0
"46135",0
"46137",0
"47001",1
"47003",0
"47005",0
"47007",0
"47009",9
"47011",1
"47013",0
"47015",1
"47017",0
"47019",2
"47021",0
"47023",0
"47025",0
"47027",0
"47029",2
"47031",1
"47033",0
"47035",0
"47037",11
"47039",0
"47041",1
"47043",1
"47045",0
"47047",1
"47049",0
"47051",6
"47053",1
"47055",0
"47057",0
"47059",2
"47061",1
"47063",2
"47065",6
"47067",0
"47069",0
"47071",1
"47073",1
"47075",0
"47077",0
"47079",0
"47081",0
"47083",0
"47085",0
"47087",0
"47089",0
"47091",0
"47093",4
"47095",1
"47097",2
"47099",0
"47101",3
"47103",1
"47105",1
"47107",1
"47109",0
"47111",0
"47113",0
"47115",3
"47117",2
"47119",1
"47121",1
"47123",0
"47125",0
"47127",1
"47129",1
"47131",4
"47133",0
"47135",0
"47137",0
"47139",1
"47141",1
"47143",2
"47145",1
"47147",0
"47149",2
"47151",3
"47153",0
"47155",7
"47157",13
"47159",0
"47161",0
"47163",2
"47165",1
"47167",1
"47169",0
"47171",0
"47173",0
"47175",1
"47177",0
"47179",0
"47181",0
"47183",1
"47185",0
"47187",6
"47189",5
"48001",30
"48003",21
"48005",19
"48007",29
"48009",15
"48011",1
"48013",24
"48015",17
"48017",4
"48019",30
"48021",29
"48023",14
"48025",12
"48027",18
"48029",45
"48031",44
"48033",21
"48035",21
"48037",11
"48039",29
"48041",39
"48043",59
"48045",8
"48047",17
"48049",17
"48051",24
"48053",23
"48055",21
"48057",23
"48059",6
"48061",36
"48063",0
"48065",2
"48067",2
"48069",1
"48071",27
"48073",7
"48075",5
"48077",13
"48079",4
"48081",5
"48083",6
"48085",24
"48087",2
"48089",21
"48091",25
"48093",4
"48095",14
"48097",10
"48099",6
"48101",15
"48103",10
"48105",38
"48107",5
"48109",34
"48111",4
"48113",36
"48115",4
"48117",2
"48119",2
"48121",36
"48123",12
"48125",7
"48127",23
"48129",2
"48131",19
"48133",5
"48135",20
"48137",31
"48139",20
"48141",30
"48143",10
"48145",5
"48147",13
"48149",19
"48151",9
"48153",6
"48155",7
"48157",32
"48159",3
"48161",11
"48163",15
"48165",12
"48167",20
"48169",3
"48171",19
"48173",9
"48175",20
"48177",26
"48179",3
"48181",6
"48183",11
"48185",23
"48187",21
"48189",0
"48191",11
"48193",5
"48195",1
"48197",6
"48199",30
"48201",37
"48203",32
"48205",0
"48207",17
"48209",35
"48211",12
"48213",7
"48215",43
"48217",11
"48219",4
"48221",23
"48223",5
"48225",11
"48227",8
"48229",23
"48231",6
"48233",3
"48235",17
"48237",8
"48239",8
"48241",24
"48243",49
"48245",15
"48247",34
"48249",18
"48251",14
"48253",4
"48255",11
"48257",13
"48259",37
"48261",21
"48263",10
"48265",20
"48267",15
"48269",4
"48271",25
"48273",20
"48275",12
"48277",4
"48279",3
"48281",7
"48283",24
"48285",14
"48287",21
"48289",23
"48291",23
"48293",6
"48295",2
"48297",12
"48299",20
"48301",2
"48303",18
"48305",4
"48307",13
"48309",14
"48311",20
"48313",7
"48315",20
"48317",6
"48319",19
"48321",27
"48323",10
"48325",25
"48327",6
"48329",17
"48331",16
"48333",0
"48335",6
"48337",7
"48339",27
"48341",3
"48343",6
"48345",4
"48347",14
"48349",11
"48351",12
"48353",4
"48355",34
"48357",2
"48359",5
"48361",3
"48363",11
"48365",9
"48367",32
"48369",0
"48371",39
"48373",12
"48375",10
"48377",47
"48379",1
"48381",22
"48383",6
"48385",26
"48387",7
"48389",22
"48391",19
"48393",1
"48395",19
"48397",7
"48399",13
"48401",6
"48403",6
"48405",13
"48407",13
"48409",21
"48411",22
"48413",17
"48415",10
"48417",12
"48419",2
"48421",0
"48423",26
"48425",13
"48427",33
"48429",12
"48431",8
"48433",15
"48435",16
"48437",2
"48439",38
"48441",16
"48443",49
"48445",3
"48447",13
"48449",11
"48451",24
"48453",45
"48455",17
"48457",27
"48459",8
"48461",13
"48463",25
"48465",48
"48467",7
"48469",28
"48471",23
"48473",22
"48475",18
"48477",10
"48479",24
"48481",9
"48483",3
"48485",15
"48487",12
"48489",30
"48491",34
"48493",20
"48495",13
"48497",30
"48499",17
"48501",1
"48503",7
"48505",18
"48507",12
"49001",5
"49003",1
"49005",0
"49007",0
"49009",2
"49011",1
"49013",0
"49015",4
"49017",4
"49019",7
"49021",0
"49023",3
"49025",7
"49027",5
"49029",0
"49031",0
"49033",0
"49035",5
"49037",9
"49039",1
"49041",0
"49043",0
"49045",1
"49047",4
"49049",1
"49051",0
"49053",16
"49055",2
"49057",1
"50001",9
"50003",4
"50005",3
"50007",8
"50009",3
"50011",5
"50013",2
"50015",4
"50017",5
"50019",3
"50021",11
"50023",6
"50025",7
"50027",6
"51001",4
"51003",5
"51005",0
"51007",2
"51009",4
"51011",0
"51013",9
"51015",5
"51017",2
"51019",3
"51021",0
"51023",4
"51025",1
"51027",1
"51029",2
"51031",2
"51033",0
"51035",1
"51036",5
"51037",4
"51041",14
"51043",9
"51045",2
"51047",1
"51049",2
"51051",2
"51053",0
"51057",0
"51059",24
"51061",8
"51063",7
"51065",2
"51067",0
"51069",4
"51071",5
"51073",5
"51075",2
"51077",2
"51079",3
"51081",0
"51083",1
"51085",10
"51087",6
"51089",8
"51091",4
"51093",2
"51095",6
"51097",0
"51099",1
"51101",1
"51103",0
"51105",0
"51107",10
"51109",3
"51111",1
"51113",5
"51115",0
"51117",1
"51119",4
"51121",6
"51125",2
"51127",6
"51131",3
"51133",1
"51135",0
"51137",0
"51139",2
"51141",4
"51143",1
"51145",4
"51147",8
"51149",7
"51153",18
"51155",2
"51157",0
"51159",0
"51161",6
"51163",3
"51165",1
"51167",2
"51169",6
"51171",9
"51173",3
"51175",0
"51177",5
"51179",1
"51181",2
"51183",1
"51185",0
"51187",9
"51191",3
"51193",6
"51195",6
"51197",0
"51199",4
"51510",4
"51520",0
"51530",0
"51540",0
"51550",4
"51570",0
"51580",0
"51590",1
"51595",0
"51600",0
"51610",0
"51620",0
"51630",0
"51640",0
"51650",1
"51660",0
"51670",0
"51678",0
"51680",2
"51683",0
"51685",0
"51690",0
"51700",1
"51710",2
"51720",1
"51730",0
"51735",0
"51740",3
"51750",0
"51760",17
"51770",0
"51775",0
"51790",1
"51800",6
"51810",15
"51820",1
"51830",2
"51840",1
"53001",0
"53003",2
"53005",0
"53007",4
"53009",3
"53011",4
"53013",0
"53015",0
"53017",0
"53019",0
"53021",1
"53023",0
"53025",0
"53027",1
"53029",1
"53031",3
"53033",7
"53035",1
"53037",5
"53039",3
"53041",2
"53043",0
"53045",1
"53047",1
"53049",0
"53051",0
"53053",2
"53055",3
"53057",2
"53059",3
"53061",1
"53063",4
"53065",1
"53067",4
"53069",0
"53071",0
"53073",4
"53075",1
"53077",4
"54001",0
"54003",3
"54005",0
"54007",1
"54009",0
"54011",1
"54013",1
"54015",0
"54017",0
"54019",1
"54021",0
"54023",0
"54025",0
"54027",1
"54029",0
"54031",1
"54033",0
"54035",0
"54037",5
"54039",3
"54041",0
"54043",0
"54045",0
"54047",0
"54049",0
"54051",0
"54053",0
"54055",0
"54057",0
"54059",0
"54061",5
"54063",1
"54065",0
"54067",1
"54069",0
"54071",4
"54073",1
"54075",1
"54077",2
"54079",0
"54081",0
"54083",1
"54085",0
"54087",0
"54089",1
"54091",0
"54093",5
"54095",0
"54097",0
"54099",0
"54101",0
"54103",1
"54105",0
"54107",0
"54109",0
"55001",2
"55003",0
"55005",0
"55007",3
"55009",0
"55011",0
"55013",1
"55015",0
"55017",0
"55019",1
"55021",3
"55023",0
"55025",4
"55027",3
"55029",2
"55031",2
"55033",2
"55035",2
"55037",2
"55039",1
"55041",2
"55043",1
"55045",0
"55047",0
"55049",1
"55051",0
"55053",4
"55055",3
"55057",2
"55059",5
"55061",0
"55063",1
"55065",0
"55067",0
"55069",1
"55071",0
"55073",1
"55075",1
"55077",0
"55078",0
"55079",6
"55081",0
"55083",1
"55085",2
"55087",2
"55089",2
"55091",0
"55093",1
"55095",1
"55097",2
"55099",0
"55101",2
"55103",0
"55105",0
"55107",4
"55109",1
"55111",6
"55113",1
"55115",0
"55117",2
"55119",1
"55121",3
"55123",4
"55125",2
"55127",3
"55129",1
"55131",2
"55133",3
"55135",1
"55137",1
"55139",2
"55141",6
"56001",0
"56003",0
"56005",1
"56007",0
"56009",0
"56011",0
"56013",2
"56015",1
"56017",0
"56019",1
"56021",0
"56023",0
"56025",0
"56027",0
"56029",0
"56031",0
"56033",0
"56035",0
"56037",3
"56039",1
"56041",0
"56043",0
"56045",0
"72001",0
"72003",0
"72005",0
"72007",0
"72009",0
"72011",0
"72013",0
"72015",0
"72017",0
"72019",0
"72021",0
"72023",0
"72025",0
"72027",0
"72029",0
"72031",0
"72033",0
"72035",0
"72037",0
"72039",0
"72041",0
"72043",0
"72045",0
"72047",0
"72049",0
"72051",0
"72053",0
"72054",0
"72055",0
"72057",0
"72059",0
"72061",0
"72063",0
"72065",0
"72067",0
"72069",0
"72071",0
"72073",0
"72075",0
"72077",0
"72079",0
"72081",0
"72083",0
"72085",0
"72087",0
"72089",0
"72091",0
"72093",0
"72095",0
"72097",0
"72099",0
"72101",0
"72103",0
"72105",0
"72107",0
"72109",0
"72111",0
"72113",0
"72115",0
"72117",0
"72119",0
"72121",0
"72123",0
"72125",0
"72127",0
"72129",0
"72131",0
"72133",0
"72135",0
"72137",0
"72139",0
"72141",0
"72143",0
"72145",0
"72147",0
"72149",0
"72151",0
"72153",0
"NANA",109
